Name,posX,posY,posZ
CarGhost ,24.38,-1.781211,-0.02
CarGhost ,18.89,-1.781211,-0.02
CarGhost,10.05032,-1.781211,-0.02
